Name, Category, Price, Quality
Final Quest, Aventura, 9778, 8
Legends Legends, Deportes, 17759, 41
Final Quest, Deportes, 38975, 33
Galaxy Galaxy, Deportes, 41097, 64
Dragon Dragon, Estrategia, 44501, 27
Legends Galaxy, Acción, 40554, 33
Legends Quest, Deportes, 5740, 84
Legends Dragon, Estrategia, 33103, 11
Galaxy Empire, Simulación, 42754, 52
Galaxy Galaxy, Estrategia, 57487, 80
Final Quest, Aventura, 26756, 54
Dragon Galaxy, Estrategia, 53344, 41
Shadow Dragon, Simulación, 10191, 68
Warrior Quest, Simulación, 26827, 20
Shadow Galaxy, RPG, 68050, 33
Legends Shadow, Aventura, 54988, 73
Empire Quest, Deportes, 26638, 14
Empire Shadow, Estrategia, 50304, 27
Warrior Galaxy, Deportes, 8116, 90
Legends Empire, Acción, 12365, 11
Galaxy Empire, RPG, 16448, 48
Final Legends, Aventura, 8276, 65
Warrior Legends, Acción, 48964, 12
Dragon Galaxy, Simulación, 55836, 56
Dragon Empire, Acción, 37949, 99
Warrior Galaxy, Aventura, 5090, 53
Empire Shadow, RPG, 48540, 89
Warrior Warrior, Estrategia, 3888, 9
Shadow Dragon, Aventura, 3462, 52
Final Dragon, Aventura, 34979, 86
Empire Warrior, Estrategia, 45169, 65
Final Empire, Simulación, 41018, 92
Warrior Dragon, Acción, 40731, 44
Galaxy Empire, Aventura, 18848, 4
Legends Empire, Acción, 38744, 80
Empire Final, Simulación, 57774, 87
Empire Legends, Aventura, 1367, 46
Galaxy Legends, Acción, 45575, 47
Dragon Shadow, Deportes, 58405, 54
Quest Shadow, Aventura, 50238, 52
Warrior Galaxy, Simulación, 28556, 45
Dragon Shadow, RPG, 52154, 43
Galaxy Warrior, Aventura, 791, 97
Quest Shadow, Simulación, 37532, 77
Shadow Galaxy, Estrategia, 42923, 33
Shadow Shadow, Acción, 17320, 33
Dragon Final, Aventura, 42186, 14
Warrior Legends, Aventura, 52016, 22
Legends Dragon, Acción, 16216, 9
Quest Empire, RPG, 43218, 16
Final Empire, Acción, 41910, 100
Dragon Quest, Acción, 11875, 82
Final Dragon, Estrategia, 2518, 35
Legends Legends, Estrategia, 42186, 54
Shadow Shadow, Estrategia, 4484, 6
Galaxy Quest, Aventura, 8046, 59
Legends Legends, Acción, 56436, 24
Empire Shadow, RPG, 10517, 73
Dragon Warrior, Aventura, 58801, 0
Galaxy Empire, Deportes, 27666, 25
Empire Quest, RPG, 60285, 27
Quest Empire, Simulación, 54877, 0
Final Warrior, Aventura, 8127, 6
Quest Legends, Estrategia, 52170, 91
Galaxy Empire, RPG, 19662, 54
Shadow Empire, Acción, 3495, 55
Legends Quest, Acción, 24853, 52
Shadow Warrior, RPG, 44801, 22
Quest Dragon, Aventura, 22911, 36
Galaxy Galaxy, Aventura, 69971, 57
Shadow Quest, RPG, 6972, 38
Final Galaxy, Estrategia, 31720, 28
Warrior Empire, RPG, 46859, 78
Shadow Empire, Acción, 34531, 27
Galaxy Warrior, Simulación, 47321, 54
Dragon Empire, Estrategia, 44199, 92
Warrior Dragon, Acción, 65068, 16
Warrior Warrior, Aventura, 11967, 21
Final Final, Acción, 15113, 37
Warrior Quest, RPG, 49752, 74
Warrior Final, Aventura, 46230, 70
Legends Quest, Simulación, 25811, 99
Dragon Warrior, Aventura, 2257, 30
Quest Warrior, Simulación, 21861, 16
Dragon Legends, Acción, 54103, 100
Empire Dragon, Aventura, 17521, 26
Quest Empire, Deportes, 56371, 63
Galaxy Quest, Simulación, 5801, 52
Warrior Quest, Aventura, 48638, 89
Galaxy Galaxy, Aventura, 16232, 34
Final Quest, Acción, 59685, 39
Galaxy Quest, RPG, 5220, 83
Final Empire, Simulación, 28491, 95
Galaxy Empire, Acción, 140, 96
Galaxy Quest, Acción, 13295, 68
Warrior Legends, Deportes, 2162, 32
Shadow Quest, Estrategia, 3083, 21
Final Legends, Acción, 37758, 25
Warrior Dragon, Simulación, 36679, 39
Dragon Quest, Acción, 57944, 96
